name,age,address
Claire,24,472-589 Libero. St.
Lilah,57,Ap #530-1701 Faucibus St.
Tatum,56,607-5933 Blandit. St.
Iona,24,342-4178 Sed St.
Gemma,37,"P.O. Box 738, 8229 Diam Avenue"
Katelyn,1,6744 Neque. Avenue
Brianna,52,6607 Consequat Street
Pascale,61,Ap #953-2553 Ligula. St.
Vera,45,"7656 Sem, Street"
Martena,9,"Ap #166-8659 Elit, Rd."
Wyoming,65,Ap #771-1353 Gravida Road
Aiko,3,2548 Lobortis Road
Shana,70,"P.O. Box 362, 8167 Sagittis. Avenue"
Patience,84,937-1826 Habitant St.
Zena,81,"963-1525 Nostra, Rd."
Britanney,26,426-2777 Ullamcorper Av.
Anjolie,39,160-1129 Orci St.
Samantha,93,Ap #516-618 Hendrerit Rd.
Ainsley,39,9956 Ultrices. Rd.
Dana,30,5203 Nunc. Road
Candace,12,938-945 Neque Ave
Keely,6,5517 Mollis. Av.
Elizabeth,94,"P.O. Box 903, 4383 Vitae Ave"
Shoshana,91,"Ap #501-1165 Semper, Avenue"
Kelly,47,"P.O. Box 701, 9999 Lorem Road"
Aspen,79,"Ap #839-5395 Tortor, Ave"
Iola,81,812 Convallis St.
Idola,46,609-6380 Mi Rd.
Ann,62,338-1719 Lorem Ave
Cally,18,750-4876 Curabitur Road
Patience,63,Ap #588-7088 Magna. St.
Brynne,95,5873 Libero St.
Amber,49,Ap #704-9329 Praesent St.
Veda,44,654-950 Diam. Ave
Kylie,11,Ap #412-5966 Vivamus Avenue
Nicole,79,5263 Ac Ave
Bo,77,7736 Pellentesque Ave
Shaine,62,"P.O. Box 195, 1438 Proin Street"
Carla,14,Ap #590-8625 Facilisis Road
Laura,23,182-9425 Vitae Ave
Fleur,28,Ap #668-7859 Ante St.
Sylvia,6,"P.O. Box 543, 1806 Augue. Av."
Aphrodite,57,"353-5873 Urna, Avenue"
Evelyn,12,7717 Integer Av.
Haviva,83,9954 Risus. St.
Harriet,84,667-2578 Lacus. Avenue
Alisa,12,"P.O. Box 795, 5595 Egestas Road"
Kelsey,38,"3490 Tempus, Road"
Charlotte,31,Ap #755-3715 Dignissim Avenue
Patience,7,580-7992 Egestas. Street
Allegra,63,Ap #274-615 Libero. St.
Ariana,56,Ap #642-5074 Mauris Rd.
Germaine,16,639-6187 Neque Av.
Scarlet,21,"574-8658 Id, Av."
Xaviera,49,531-2862 Ultricies Rd.
Megan,71,5237 Cursus. Av.
Sarah,49,729 Molestie Avenue
Lana,75,"P.O. Box 615, 5036 Accumsan Rd."
Hilda,85,289-6513 Auctor Rd.
Kiayada,67,5733 Nisl St.
Cheryl,37,8755 Aenean Avenue
Brielle,80,4450 Suspendisse Rd.
Minerva,73,626-4682 Lorem Av.
Jescie,47,"9993 Ut, Av."
April,41,Ap #310-5357 Dui St.
Venus,21,780-8597 Libero Ave
Cheyenne,75,Ap #118-3108 Ac Ave
Britanni,25,Ap #172-871 Ipsum. Ave
Pamela,58,656-5271 Egestas Rd.
Liberty,55,9394 Mollis Avenue
Quin,47,1871 Praesent Rd.
Jenna,93,"244 Auctor, Ave"
Ingrid,36,"P.O. Box 176, 1830 Malesuada Avenue"
Shaeleigh,11,449-1304 Morbi Ave
Jemima,27,965-2714 Lectus Av.
Sade,62,"7179 Ornare, St."
McKenzie,94,"P.O. Box 479, 9437 Cursus Rd."
Brielle,35,"P.O. Box 162, 8420 Penatibus Avenue"
Jane,74,Ap #293-9162 Eleifend Avenue
Petra,80,Ap #896-2034 Arcu. Ave
Madaline,65,933-7631 Vivamus Road
Yetta,48,3739 Consectetuer St.
Evangeline,43,Ap #690-1071 Sollicitudin Ave
Martena,57,557-7949 Cursus St.
Nevada,95,"P.O. Box 691, 9513 Nam Av."
Shellie,68,604-5273 Eros. St.
Calista,53,Ap #291-9859 Sit St.
Hedwig,94,178 Donec Avenue
Petra,27,694-8668 Semper St.
Azalia,7,"Ap #189-7928 Leo, St."
Britanni,20,363-2089 Tempus Rd.
Martena,1,"Ap #672-4484 Luctus, St."
Xantha,73,514-9322 Sit Rd.
Fredericka,36,2882 Donec Av.
Scarlett,32,2617 Vel Ave
Chiquita,54,514-1493 Magna Avenue
Jennifer,12,639 Nisi. Road
Hayley,86,499-2563 Nunc St.
Ivana,100,Ap #946-9028 Proin St.
Jillian,75,769-5523 Risus Av.